Business Name,Phone,Website
PUNE FLATS,8275566989,http://www.puneflats.in/
Town & Trails,8446668080,http://www.townandtrails.com/
Dreamland Properties,closessoon⋅6:30 pm⋅opens9:30 ammon,https://dreamland.properties/
"1 BHK / 2 BHK flats for sale in Dhayari, Sinhagad Road, Pune - Mahi Real Estate",9158529444,http://www.mahirealestate.com/
Elite24 | Real Estate & Property Management Company in Pune,8856947020,https://elite24.co/
Pritiyog Properties,9960633484,http://www.pritiyogproperties.com/
Sales Office,7972381347,
Pune Realty - Top 10 Real Estate Brokers in Pune | Property Broker in Pune,9923817032,https://punerealty.in/
"punerealestates.com - Best Property Consultants Dealers Brokers Realtors in NIBM Road, Pune",9822947249,
Tresco Realty I Best Property Consultant in Pune I Property Dealer in Pune Goa,9764551333,http://www.trescorealty.in/
Best Properties solutions | Peace Home Solution,7821039204,http://peacehomesolution.com/
Narayani Realtors,7796969691,https://narayanirealtors.com/
PropEsta Realty Solutions - Top Rated Real Estate Consultant,8698287868,http://www.propesta.com/
iBookMyHome.com,8411994433,http://www.ibookmyhome.com/
PropertyDrone Realty - Real Estate Agency | Real Estate Consultant in Pune | Sole Selling and Mandate Firm | Asset Management,9561477575,http://www.propertydronerealty.com/
Kargil Properties Pvt. Ltd.,2029800004,
53Acres - Pune Properties Real Estate Property Consultant,8888537777,http://www.53acres.com/
Patel Properties - real estate agent in NIBM Pune | property consultant in NIBM Road Pune | property broker in NIBM Pune,8530815553,https://patelpropertiespune.com/
Aasaan Home Wale,8262049515,https://aasaanhomewale.com/
